Gender,self_employed,no,yes
female,no,32.45614035087719,67.54385964912281
female,yes,0.0,100.0
male,no,54.32780847145487,45.67219152854512
male,yes,49.25373134328358,50.74626865671642
